﻿<?xml version="1.0" encoding="utf-8"?>
<Database Name="northwind" xmlns="http://schemas.microsoft.com/linqtosql/mapping/2007">
  <Table Name="dbo.ActiveProductsFedarated" Member="ActiveProductsFedarateds">
    <Type Name="nwind.ActiveProductsFedarated">
      <Column Name="ProductID" Member="ProductID" Storage="_ProductID" DbType="Int NOT NULL IDENTITY" IsPrimaryKey="true" IsDbGenerated="true" AutoSync="OnInsert" />
      <Column Name="ProductName" Member="ProductName" Storage="_ProductName" DbType="NVarChar(40) NOT NULL" CanBeNull="false" AutoSync="Default" />
    </Type>
  </Table>
  <Table Name="dbo.AddressSplit" Member="AddressSplits">
    <Type Name="nwind.AddressSplit">
      <Column Name="ID" Member="ID" Storage="_ID" DbType="Int NOT NULL" IsPrimaryKey="true" AutoSync="Default" />
      <Column Name="Address" Member="Address" Storage="_Address" DbType="NVarChar(60)" AutoSync="Default" />
      <Column Name="City" Member="City" Storage="_City" DbType="NVarChar(15)" AutoSync="Default" />
      <Column Name="Region" Member="Region" Storage="_Region" DbType="NVarChar(15)" AutoSync="Default" />
      <Column Name="PostalCode" Member="PostalCode" Storage="_PostalCode" DbType="NVarChar(50)" AutoSync="Default" />
      <Column Name="Country" Member="Country" Storage="_Country" DbType="NVarChar(15)" AutoSync="Default" />
      <Column Name="ContactType" Member="ContactType" Storage="_ContactType" DbType="NVarChar(50)" AutoSync="Default" />
    </Type>
  </Table>
  <Table Name="dbo.BaseContactSplit" Member="BaseContactSplits">
    <Type Name="nwind.BaseContactSplit">
      <Column Name="ID" Member="ID" Storage="_ID" DbType="Int NOT NULL" IsPrimaryKey="true" AutoSync="Default" />
      <Column Name="CompanyName" Member="CompanyName" Storage="_CompanyName" DbType="NVarChar(40) NOT NULL" CanBeNull="false" AutoSync="Default" />
      <Column Name="ContactName" Member="ContactName" Storage="_ContactName" DbType="NVarChar(30)" AutoSync="Default" />
      <Column Name="Phone" Member="Phone" Storage="_Phone" DbType="NVarChar(24)" AutoSync="Default" />
      <Column Name="ContactType" Member="ContactType" Storage="_ContactType" DbType="NVarChar(50)" AutoSync="Default" />
    </Type>
  </Table>
  <Table Name="dbo.BaseProductsFedarated" Member="BaseProductsFedarateds">
    <Type Name="nwind.BaseProductsFedarated">
      <Column Name="ProductID" Member="ProductID" Storage="_ProductID" DbType="Int NOT NULL" IsPrimaryKey="true" AutoSync="Default" />
      <Column Name="ProductName" Member="ProductName" Storage="_ProductName" DbType="NVarChar(40) NOT NULL" CanBeNull="false" AutoSync="Default" />
    </Type>
  </Table>
  <Table Name="dbo.Categories" Member="Categories">
    <Type Name="nwind.Category">
      <Column Name="CategoryID" Member="CategoryID" Storage="_CategoryID" DbType="Int NOT NULL IDENTITY" IsPrimaryKey="true" IsDbGenerated="true" AutoSync="OnInsert" />
      <Column Name="CategoryName" Member="CategoryName" Storage="_CategoryName" DbType="NVarChar(15) NOT NULL" CanBeNull="false" AutoSync="Default" />
      <Column Name="Description" Member="Description" Storage="_Description" DbType="NText" UpdateCheck="Never" AutoSync="Default" />
      <Column Name="Picture" Member="Picture" Storage="_Picture" DbType="Image" UpdateCheck="Never" AutoSync="Default" />
      <Association Name="FK_Products_Categories" Member="Products" Storage="_Products" ThisKey="CategoryID" OtherKey="CategoryID" DeleteRule="NO ACTION" />
    </Type>
  </Table>
  <Table Name="dbo.ContactNameSplit" Member="ContactNameSplits">
    <Type Name="nwind.ContactNameSplit">
      <Column Name="ID" Member="ID" Storage="_ID" DbType="Int NOT NULL" IsPrimaryKey="true" AutoSync="Default" />
      <Column Name="Name" Member="Name" Storage="_Name" DbType="NVarChar(30)" AutoSync="Default" />
      <Column Name="Title" Member="Title" Storage="_Title" DbType="NVarChar(30)" AutoSync="Default" />
      <Column Name="Fax" Member="Fax" Storage="_Fax" DbType="NVarChar(24)" AutoSync="Default" />
      <Column Name="ContactType" Member="ContactType" Storage="_ContactType" DbType="NVarChar(50)" AutoSync="Default" />
    </Type>
  </Table>
  <Table Name="dbo.Contacts" Member="Contacts">
    <Type Name="nwind.Contact">
      <Column Name="ContactID" Member="ContactID" Storage="_ContactID" DbType="Int NOT NULL IDENTITY" IsPrimaryKey="true" IsDbGenerated="true" AutoSync="OnInsert" />
      <Column Name="ContactType" Member="ContactType" Storage="_ContactType" DbType="NVarChar(50)" AutoSync="Default" />
      <Column Name="CompanyName" Member="CompanyName" Storage="_CompanyName" DbType="NVarChar(40) NOT NULL" CanBeNull="false" AutoSync="Default" />
      <Column Name="ContactName" Member="ContactName" Storage="_ContactName" DbType="NVarChar(30)" AutoSync="Default" />
      <Column Name="ContactTitle" Member="ContactTitle" Storage="_ContactTitle" DbType="NVarChar(30)" AutoSync="Default" />
      <Column Name="Address" Member="Address" Storage="_Address" DbType="NVarChar(60)" AutoSync="Default" />
      <Column Name="City" Member="City" Storage="_City" DbType="NVarChar(15)" AutoSync="Default" />
      <Column Name="Region" Member="Region" Storage="_Region" DbType="NVarChar(15)" AutoSync="Default" />
      <Column Name="PostalCode" Member="PostalCode" Storage="_PostalCode" DbType="NVarChar(10)" AutoSync="Default" />
      <Column Name="Country" Member="Country" Storage="_Country" DbType="NVarChar(15)" AutoSync="Default" />
      <Column Name="Phone" Member="Phone" Storage="_Phone" DbType="NVarChar(24)" AutoSync="Default" />
      <Column Name="Extension" Member="Extension" Storage="_Extension" DbType="NVarChar(4)" AutoSync="Default" />
      <Column Name="Fax" Member="Fax" Storage="_Fax" DbType="NVarChar(24)" AutoSync="Default" />
      <Column Name="HomePage" Member="HomePage" Storage="_HomePage" DbType="NText" UpdateCheck="Never" AutoSync="Default" />
      <Column Name="PhotoPath" Member="PhotoPath" Storage="_PhotoPath" DbType="NVarChar(255)" AutoSync="Default" />
      <Column Name="Photo" Member="Photo" Storage="_Photo" DbType="Image" UpdateCheck="Never" AutoSync="Default" />
    </Type>
  </Table>
  <Table Name="dbo.CustomerCustomerDemo" Member="CustomerCustomerDemos">
    <Type Name="nwind.CustomerCustomerDemo">
      <Column Name="CustomerID" Member="CustomerID" Storage="_CustomerID" DbType="NChar(5) NOT NULL" CanBeNull="false" IsPrimaryKey="true" AutoSync="Default" />
      <Column Name="CustomerTypeID" Member="CustomerTypeID" Storage="_CustomerTypeID" DbType="NChar(10) NOT NULL" CanBeNull="false" IsPrimaryKey="true" AutoSync="Default" />
      <Association Name="FK_CustomerCustomerDemo" Member="CustomerDemographic" Storage="_CustomerDemographic" ThisKey="CustomerTypeID" OtherKey="CustomerTypeID" IsForeignKey="true" />
      <Association Name="FK_CustomerCustomerDemo_Customers" Member="Customer" Storage="_Customer" ThisKey="CustomerID" OtherKey="CustomerID" IsForeignKey="true" />
    </Type>
  </Table>
  <Table Name="dbo.CustomerDemographics" Member="CustomerDemographics">
    <Type Name="nwind.CustomerDemographic">
      <Column Name="CustomerTypeID" Member="CustomerTypeID" Storage="_CustomerTypeID" DbType="NChar(10) NOT NULL" CanBeNull="false" IsPrimaryKey="true" AutoSync="Default" />
      <Column Name="CustomerDesc" Member="CustomerDesc" Storage="_CustomerDesc" DbType="NText" UpdateCheck="Never" AutoSync="Default" />
      <Association Name="FK_CustomerCustomerDemo" Member="CustomerCustomerDemos" Storage="_CustomerCustomerDemos" ThisKey="CustomerTypeID" OtherKey="CustomerTypeID" DeleteRule="NO ACTION" />
    </Type>
  </Table>
  <Table Name="dbo.Customers" Member="Customers">
    <Type Name="nwind.Customer">
      <Column Name="CustomerID" Member="CustomerID" Storage="_CustomerID" DbType="NChar(5) NOT NULL" CanBeNull="false" IsPrimaryKey="true" AutoSync="Default" />
      <Column Name="CompanyName" Member="CompanyName" Storage="_CompanyName" DbType="NVarChar(40) NOT NULL" CanBeNull="false" AutoSync="Default" />
      <Column Name="ContactName" Member="ContactName" Storage="_ContactName" DbType="NVarChar(30)" AutoSync="Default" />
      <Column Name="ContactTitle" Member="ContactTitle" Storage="_ContactTitle" DbType="NVarChar(30)" AutoSync="Default" />
      <Column Name="Address" Member="Address" Storage="_Address" DbType="NVarChar(60)" AutoSync="Default" />
      <Column Name="City" Member="City" Storage="_City" DbType="NVarChar(15)" AutoSync="Default" />
      <Column Name="Region" Member="Region" Storage="_Region" DbType="NVarChar(15)" AutoSync="Default" />
      <Column Name="PostalCode" Member="PostalCode" Storage="_PostalCode" DbType="NVarChar(10)" AutoSync="Default" />
      <Column Name="Country" Member="Country" Storage="_Country" DbType="NVarChar(15)" AutoSync="Default" />
      <Column Name="Phone" Member="Phone" Storage="_Phone" DbType="NVarChar(24)" AutoSync="Default" />
      <Column Name="Fax" Member="Fax" Storage="_Fax" DbType="NVarChar(24)" AutoSync="Default" />
      <Association Name="FK_CustomerCustomerDemo_Customers" Member="CustomerCustomerDemos" Storage="_CustomerCustomerDemos" ThisKey="CustomerID" OtherKey="CustomerID" DeleteRule="NO ACTION" />
      <Association Name="FK_Orders_Customers" Member="Orders" Storage="_Orders" ThisKey="CustomerID" OtherKey="CustomerID" DeleteRule="NO ACTION" />
    </Type>
  </Table>
  <Table Name="dbo.DiscontinuedProductsFedarated" Member="DiscontinuedProductsFedarateds">
    <Type Name="nwind.DiscontinuedProductsFedarated">
      <Column Name="ProductID" Member="ProductID" Storage="_ProductID" DbType="Int NOT NULL" IsPrimaryKey="true" AutoSync="Default" />
      <Column Name="ProductName" Member="ProductName" Storage="_ProductName" DbType="NVarChar(40) NOT NULL" CanBeNull="false" AutoSync="Default" />
    </Type>
  </Table>
  <Table Name="dbo.Employees" Member="Employees">
    <Type Name="nwind.Employee">
      <Column Name="EmployeeID" Member="EmployeeID" Storage="_EmployeeID" DbType="Int NOT NULL IDENTITY" IsPrimaryKey="true" IsDbGenerated="true" AutoSync="OnInsert" />
      <Column Name="LastName" Member="LastName" Storage="_LastName" DbType="NVarChar(20) NOT NULL" CanBeNull="false" AutoSync="Default" />
      <Column Name="FirstName" Member="FirstName" Storage="_FirstName" DbType="NVarChar(10) NOT NULL" CanBeNull="false" AutoSync="Default" />
      <Column Name="Title" Member="Title" Storage="_Title" DbType="NVarChar(30)" AutoSync="Default" />
      <Column Name="TitleOfCourtesy" Member="TitleOfCourtesy" Storage="_TitleOfCourtesy" DbType="NVarChar(25)" AutoSync="Default" />
      <Column Name="BirthDate" Member="BirthDate" Storage="_BirthDate" DbType="DateTime" AutoSync="Default" />
      <Column Name="HireDate" Member="HireDate" Storage="_HireDate" DbType="DateTime" AutoSync="Default" />
      <Column Name="Address" Member="Address" Storage="_Address" DbType="NVarChar(60)" AutoSync="Default" />
      <Column Name="City" Member="City" Storage="_City" DbType="NVarChar(15)" AutoSync="Default" />
      <Column Name="Region" Member="Region" Storage="_Region" DbType="NVarChar(15)" AutoSync="Default" />
      <Column Name="PostalCode" Member="PostalCode" Storage="_PostalCode" DbType="NVarChar(10)" AutoSync="Default" />
      <Column Name="Country" Member="Country" Storage="_Country" DbType="NVarChar(15)" AutoSync="Default" />
      <Column Name="HomePhone" Member="HomePhone" Storage="_HomePhone" DbType="NVarChar(24)" AutoSync="Default" />
      <Column Name="Extension" Member="Extension" Storage="_Extension" DbType="NVarChar(4)" AutoSync="Default" />
      <Column Name="Photo" Member="Photo" Storage="_Photo" DbType="Image" UpdateCheck="Never" AutoSync="Default" />
      <Column Name="Notes" Member="Notes" Storage="_Notes" DbType="NText" UpdateCheck="Never" AutoSync="Default" />
      <Column Name="ReportsTo" Member="ReportsTo" Storage="_ReportsTo" DbType="Int" AutoSync="Default" />
      <Column Name="PhotoPath" Member="PhotoPath" Storage="_PhotoPath" DbType="NVarChar(255)" AutoSync="Default" />
      <Association Name="FK_Employees_Employees" Member="ReportsToEmployee" Storage="_ReportsToEmployee" ThisKey="ReportsTo" OtherKey="EmployeeID" IsForeignKey="true" />
      <Association Name="FK_Employees_Employees" Member="Employees" Storage="_Employees" ThisKey="EmployeeID" OtherKey="ReportsTo" DeleteRule="NO ACTION" />
      <Association Name="FK_EmployeeTerritories_Employees" Member="EmployeeTerritories" Storage="_EmployeeTerritories" ThisKey="EmployeeID" OtherKey="EmployeeID" DeleteRule="NO ACTION" />
      <Association Name="FK_Orders_Employees" Member="Orders" Storage="_Orders" ThisKey="EmployeeID" OtherKey="EmployeeID" DeleteRule="NO ACTION" />
    </Type>
  </Table>
  <Table Name="dbo.EmployeeSplit" Member="EmployeeSplits">
    <Type Name="nwind.EmployeeSplit">
      <Column Name="ID" Member="ID" Storage="_ID" DbType="Int NOT NULL" IsPrimaryKey="true" AutoSync="Default" />
      <Column Name="Extension" Member="Extension" Storage="_Extension" DbType="NVarChar(4)" AutoSync="Default" />
      <Column Name="PhotoPath" Member="PhotoPath" Storage="_PhotoPath" DbType="NVarChar(255)" AutoSync="Default" />
    </Type>
  </Table>
  <Table Name="dbo.EmployeeTerritories" Member="EmployeeTerritories">
    <Type Name="nwind.EmployeeTerritory">
      <Column Name="EmployeeID" Member="EmployeeID" Storage="_EmployeeID" DbType="Int NOT NULL" IsPrimaryKey="true" AutoSync="Default" />
      <Column Name="TerritoryID" Member="TerritoryID" Storage="_TerritoryID" DbType="NVarChar(20) NOT NULL" CanBeNull="false" IsPrimaryKey="true" AutoSync="Default" />
      <Association Name="FK_EmployeeTerritories_Employees" Member="Employee" Storage="_Employee" ThisKey="EmployeeID" OtherKey="EmployeeID" IsForeignKey="true" />
      <Association Name="FK_EmployeeTerritories_Territories" Member="Territory" Storage="_Territory" ThisKey="TerritoryID" OtherKey="TerritoryID" IsForeignKey="true" />
    </Type>
  </Table>
  <Table Name="dbo.Order Details" Member="OrderDetails">
    <Type Name="nwind.OrderDetail">
      <Column Name="OrderID" Member="OrderID" Storage="_OrderID" DbType="Int NOT NULL" IsPrimaryKey="true" AutoSync="Default" />
      <Column Name="ProductID" Member="ProductID" Storage="_ProductID" DbType="Int NOT NULL" IsPrimaryKey="true" AutoSync="Default" />
      <Column Name="UnitPrice" Member="UnitPrice" Storage="_UnitPrice" DbType="Money NOT NULL" AutoSync="Default" />
      <Column Name="Quantity" Member="Quantity" Storage="_Quantity" DbType="SmallInt NOT NULL" AutoSync="Default" />
      <Column Name="Discount" Member="Discount" Storage="_Discount" DbType="Real NOT NULL" AutoSync="Default" />
      <Association Name="FK_Order_Details_Orders" Member="[Order]" Storage="_Order" ThisKey="OrderID" OtherKey="OrderID" IsForeignKey="true" />
      <Association Name="FK_Order_Details_Products" Member="Product" Storage="_Product" ThisKey="ProductID" OtherKey="ProductID" IsForeignKey="true" />
    </Type>
  </Table>
  <Table Name="dbo.Orders" Member="Orders">
    <Type Name="nwind.Order">
      <Column Name="OrderID" Member="OrderID" Storage="_OrderID" DbType="Int NOT NULL IDENTITY" IsPrimaryKey="true" IsDbGenerated="true" AutoSync="OnInsert" />
      <Column Name="CustomerID" Member="CustomerID" Storage="_CustomerID" DbType="NChar(5)" AutoSync="Default" />
      <Column Name="EmployeeID" Member="EmployeeID" Storage="_EmployeeID" DbType="Int" AutoSync="Default" />
      <Column Name="OrderDate" Member="OrderDate" Storage="_OrderDate" DbType="DateTime" AutoSync="Default" />
      <Column Name="RequiredDate" Member="RequiredDate" Storage="_RequiredDate" DbType="DateTime" AutoSync="Default" />
      <Column Name="ShippedDate" Member="ShippedDate" Storage="_ShippedDate" DbType="DateTime" AutoSync="Default" />
      <Column Name="ShipVia" Member="ShipVia" Storage="_ShipVia" DbType="Int" AutoSync="Default" />
      <Column Name="Freight" Member="Freight" Storage="_Freight" DbType="Money" AutoSync="Default" />
      <Column Name="ShipName" Member="ShipName" Storage="_ShipName" DbType="NVarChar(40)" AutoSync="Default" />
      <Column Name="ShipAddress" Member="ShipAddress" Storage="_ShipAddress" DbType="NVarChar(60)" AutoSync="Default" />
      <Column Name="ShipCity" Member="ShipCity" Storage="_ShipCity" DbType="NVarChar(15)" AutoSync="Default" />
      <Column Name="ShipRegion" Member="ShipRegion" Storage="_ShipRegion" DbType="NVarChar(15)" AutoSync="Default" />
      <Column Name="ShipPostalCode" Member="ShipPostalCode" Storage="_ShipPostalCode" DbType="NVarChar(10)" AutoSync="Default" />
      <Column Name="ShipCountry" Member="ShipCountry" Storage="_ShipCountry" DbType="NVarChar(15)" AutoSync="Default" />
      <Association Name="FK_Order_Details_Orders" Member="OrderDetails" Storage="_OrderDetails" ThisKey="OrderID" OtherKey="OrderID" DeleteRule="NO ACTION" />
      <Association Name="FK_Orders_Customers" Member="Customer" Storage="_Customer" ThisKey="CustomerID" OtherKey="CustomerID" IsForeignKey="true" />
      <Association Name="FK_Orders_Employees" Member="Employee" Storage="_Employee" ThisKey="EmployeeID" OtherKey="EmployeeID" IsForeignKey="true" />
      <Association Name="FK_Orders_Shippers" Member="Shipper" Storage="_Shipper" ThisKey="ShipVia" OtherKey="ShipperID" IsForeignKey="true" />
    </Type>
  </Table>
  <Table Name="dbo.Products" Member="Products">
    <Type Name="nwind.Product">
      <Column Name="ProductID" Member="ProductID" Storage="_ProductID" DbType="Int NOT NULL IDENTITY" IsPrimaryKey="true" IsDbGenerated="true" AutoSync="OnInsert" />
      <Column Name="ProductName" Member="ProductName" Storage="_ProductName" DbType="NVarChar(40) NOT NULL" CanBeNull="false" AutoSync="Default" />
      <Column Name="SupplierID" Member="SupplierID" Storage="_SupplierID" DbType="Int" AutoSync="Default" />
      <Column Name="CategoryID" Member="CategoryID" Storage="_CategoryID" DbType="Int" AutoSync="Default" />
      <Column Name="QuantityPerUnit" Member="QuantityPerUnit" Storage="_QuantityPerUnit" DbType="NVarChar(20)" AutoSync="Default" />
      <Column Name="UnitPrice" Member="UnitPrice" Storage="_UnitPrice" DbType="Money" AutoSync="Default" />
      <Column Name="UnitsInStock" Member="UnitsInStock" Storage="_UnitsInStock" DbType="SmallInt" AutoSync="Default" />
      <Column Name="UnitsOnOrder" Member="UnitsOnOrder" Storage="_UnitsOnOrder" DbType="SmallInt" AutoSync="Default" />
      <Column Name="ReorderLevel" Member="ReorderLevel" Storage="_ReorderLevel" DbType="SmallInt" AutoSync="Default" />
      <Column Name="Discontinued" Member="Discontinued" Storage="_Discontinued" DbType="Bit NOT NULL" AutoSync="Default" />
      <Association Name="FK_Order_Details_Products" Member="OrderDetails" Storage="_OrderDetails" ThisKey="ProductID" OtherKey="ProductID" DeleteRule="NO ACTION" />
      <Association Name="FK_Products_Categories" Member="Category" Storage="_Category" ThisKey="CategoryID" OtherKey="CategoryID" IsForeignKey="true" />
      <Association Name="FK_Products_Suppliers" Member="Supplier" Storage="_Supplier" ThisKey="SupplierID" OtherKey="SupplierID" IsForeignKey="true" />
    </Type>
  </Table>
  <Table Name="dbo.Region" Member="Regions">
    <Type Name="nwind.Region">
      <Column Name="RegionID" Member="RegionID" Storage="_RegionID" DbType="Int NOT NULL" IsPrimaryKey="true" AutoSync="Default" />
      <Column Name="RegionDescription" Member="RegionDescription" Storage="_RegionDescription" DbType="NChar(50) NOT NULL" CanBeNull="false" AutoSync="Default" />
      <Association Name="FK_Territories_Region" Member="Territories" Storage="_Territories" ThisKey="RegionID" OtherKey="RegionID" DeleteRule="NO ACTION" />
    </Type>
  </Table>
  <Table Name="dbo.Shippers" Member="Shippers">
    <Type Name="nwind.Shipper">
      <Column Name="ShipperID" Member="ShipperID" Storage="_ShipperID" DbType="Int NOT NULL IDENTITY" IsPrimaryKey="true" IsDbGenerated="true" AutoSync="OnInsert" />
      <Column Name="CompanyName" Member="CompanyName" Storage="_CompanyName" DbType="NVarChar(40) NOT NULL" CanBeNull="false" AutoSync="Default" />
      <Column Name="Phone" Member="Phone" Storage="_Phone" DbType="NVarChar(24)" AutoSync="Default" />
      <Association Name="FK_Orders_Shippers" Member="Orders" Storage="_Orders" ThisKey="ShipperID" OtherKey="ShipVia" DeleteRule="NO ACTION" />
    </Type>
  </Table>
  <Table Name="dbo.Suppliers" Member="Suppliers">
    <Type Name="nwind.Supplier">
      <Column Name="SupplierID" Member="SupplierID" Storage="_SupplierID" DbType="Int NOT NULL IDENTITY" IsPrimaryKey="true" IsDbGenerated="true" AutoSync="OnInsert" />
      <Column Name="CompanyName" Member="CompanyName" Storage="_CompanyName" DbType="NVarChar(40) NOT NULL" CanBeNull="false" AutoSync="Default" />
      <Column Name="ContactName" Member="ContactName" Storage="_ContactName" DbType="NVarChar(30)" AutoSync="Default" />
      <Column Name="ContactTitle" Member="ContactTitle" Storage="_ContactTitle" DbType="NVarChar(30)" AutoSync="Default" />
      <Column Name="Address" Member="Address" Storage="_Address" DbType="NVarChar(60)" AutoSync="Default" />
      <Column Name="City" Member="City" Storage="_City" DbType="NVarChar(15)" AutoSync="Default" />
      <Column Name="Region" Member="Region" Storage="_Region" DbType="NVarChar(15)" AutoSync="Default" />
      <Column Name="PostalCode" Member="PostalCode" Storage="_PostalCode" DbType="NVarChar(10)" AutoSync="Default" />
      <Column Name="Country" Member="Country" Storage="_Country" DbType="NVarChar(15)" AutoSync="Default" />
      <Column Name="Phone" Member="Phone" Storage="_Phone" DbType="NVarChar(24)" AutoSync="Default" />
      <Column Name="Fax" Member="Fax" Storage="_Fax" DbType="NVarChar(24)" AutoSync="Default" />
      <Column Name="HomePage" Member="HomePage" Storage="_HomePage" DbType="NText" UpdateCheck="Never" AutoSync="Default" />
      <Association Name="FK_Products_Suppliers" Member="Products" Storage="_Products" ThisKey="SupplierID" OtherKey="SupplierID" DeleteRule="NO ACTION" />
    </Type>
  </Table>
  <Table Name="dbo.Territories" Member="Territories">
    <Type Name="nwind.Territory">
      <Column Name="TerritoryID" Member="TerritoryID" Storage="_TerritoryID" DbType="NVarChar(20) NOT NULL" CanBeNull="false" IsPrimaryKey="true" AutoSync="Default" />
      <Column Name="TerritoryDescription" Member="TerritoryDescription" Storage="_TerritoryDescription" DbType="NChar(50) NOT NULL" CanBeNull="false" AutoSync="Default" />
      <Column Name="RegionID" Member="RegionID" Storage="_RegionID" DbType="Int NOT NULL" AutoSync="Default" />
      <Association Name="FK_EmployeeTerritories_Territories" Member="EmployeeTerritories" Storage="_EmployeeTerritories" ThisKey="TerritoryID" OtherKey="TerritoryID" DeleteRule="NO ACTION" />
      <Association Name="FK_Territories_Region" Member="Region" Storage="_Region" ThisKey="RegionID" OtherKey="RegionID" IsForeignKey="true" />
    </Type>
  </Table>
</Database>